Failure, 63049577,422 UNPROCESSABLE_ENTITY,ThreadFour
Failure, 63049576,422 UNPROCESSABLE_ENTITY,ThreadThree
Failure, 63049575,422 UNPROCESSABLE_ENTITY,ThreadTwo
Failure, 63049578,422 UNPROCESSABLE_ENTITY,ThreadFive
Failure, 63049577,422 UNPROCESSABLE_ENTITY,ThreadFour
Failure, 63049575,422 UNPROCESSABLE_ENTITY,ThreadTwo
Failure, 63049578,422 UNPROCESSABLE_ENTITY,ThreadFive
Failure, 63049576,422 UNPROCESSABLE_ENTITY,ThreadThree
Failure, 63049575,422 UNPROCESSABLE_ENTITY,ThreadTwo
Failure, 63049577,422 UNPROCESSABLE_ENTITY,ThreadFour
Failure, 63049576,422 UNPROCESSABLE_ENTITY,ThreadThree
Failure, 63049578,422 UNPROCESSABLE_ENTITY,ThreadFive
Failure, 63049577,422 UNPROCESSABLE_ENTITY,ThreadFour
Failure, 63049575,422 UNPROCESSABLE_ENTITY,ThreadTwo
Failure, 63049576,422 UNPROCESSABLE_ENTITY,ThreadThree
Failure, 63049578,422 UNPROCESSABLE_ENTITY,ThreadFive
